data_contato,origem,status,custo_lead,valor_venda
2026-03-17 17:23:20.695723,Outbound,Vendido,78.0073129673412,0
2026-02-08 17:23:20.695723,Meta Ads,SQL,25.452184191694723,0
2026-04-06 17:23:20.695723,LinkedIn,Vendido,61.38208338125144,0
2026-03-26 17:23:20.695723,Indicação,Lead,63.38174762859227,0
2026-02-14 17:23:20.695723,Outbound,No-show,75.04801786050605,0
2026-04-17 17:23:20.695723,LinkedIn,Agendado,12.1384619965366,0
2026-04-21 17:23:20.695723,LinkedIn,Lead,71.04338369129053,0
2026-04-09 17:23:20.695723,LinkedIn,Lead,46.90583265878602,0
2026-04-09 17:23:20.695723,Outbound,SQL,54.27808769760795,0
2026-04-22 17:23:20.695723,Outbound,Lead,55.11291939847236,1500
2026-02-17 17:23:20.695723,Google Ads,Lead,67.38584634893093,0
2026-01-27 17:23:20.695723,Indicação,Agendado,33.33851255113774,0
2026-02-15 17:23:20.695723,Meta Ads,SQL,61.31358329019954,0
2026-03-18 17:23:20.695723,LinkedIn,Agendado,47.0004676805538,5000
2026-01-26 17:23:20.695723,Google Ads,No-show,65.53758100137435,0
2026-04-22 17:23:20.695723,Meta Ads,SQL,79.33822229390934,0
2026-02-23 17:23:20.695723,Google Ads,SQL,24.045571218263287,0
2026-03-03 17:23:20.695723,Outbound,Lead,79.62540490919986,0
2026-01-26 17:23:20.695723,LinkedIn,Agendado,16.28685079979418,0
2026-03-29 17:23:20.695723,Meta Ads,Lead,10.162228353336973,0
2026-03-25 17:23:20.695723,Meta Ads,No-show,13.091335532448188,0
2026-02-14 17:23:20.695723,Meta Ads,Vendido,33.92476833157332,0
2026-02-26 17:23:20.695723,Meta Ads,SQL,54.30344314749039,0
2026-04-10 17:23:20.695723,Meta Ads,Lead,14.832067862149474,0
2026-03-23 17:23:20.695723,Google Ads,Vendido,10.396607017069709,0
2026-02-15 17:23:20.695723,LinkedIn,Agendado,75.59637199211564,0
2026-04-23 17:23:20.695723,Outbound,Lead,67.53486451579508,3000
2026-03-14 17:23:20.695723,Outbound,Lead,66.64282197973218,0
2026-03-24 17:23:20.695723,Outbound,Agendado,71.9096992851384,0
2026-03-07 17:23:20.695723,Outbound,Lead,59.002399094047306,0
2026-03-25 17:23:20.695723,Google Ads,No-show,17.3082890823657,0
2026-04-14 17:23:20.695723,Indicação,SQL,37.93701316516061,5000
2026-02-08 17:23:20.695723,LinkedIn,Lead,60.62046405252406,0
2026-03-27 17:23:20.695723,Meta Ads,Vendido,29.623412255406464,0
2026-03-27 17:23:20.695723,Indicação,Lead,58.11844548953663,0
2026-03-12 17:23:20.695723,Outbound,SQL,11.714891378735665,0
2026-03-27 17:23:20.695723,Indicação,Lead,31.429613861571525,0
2026-03-16 17:23:20.695723,LinkedIn,Lead,48.43912353940209,0
2026-03-20 17:23:20.695723,Meta Ads,Agendado,54.24628806543696,0
2026-03-29 17:23:20.695723,Meta Ads,SQL,50.39284651233376,0
2026-01-27 17:23:20.695723,LinkedIn,SQL,58.84293932514007,0
2026-03-16 17:23:20.695723,LinkedIn,Agendado,10.426212376788737,0
2026-01-31 17:23:20.695723,Outbound,Agendado,17.065883998426504,0
2026-02-14 17:23:20.695723,Meta Ads,Lead,70.82609765954015,0
2026-04-07 17:23:20.695723,Indicação,Lead,57.72240508631128,0
2026-03-04 17:23:20.695723,Google Ads,No-show,17.90521498802079,0
2026-02-11 17:23:20.695723,Google Ads,Agendado,68.94521061790056,5000
2026-01-28 17:23:20.695723,LinkedIn,SQL,26.956185247719684,0
2026-04-23 17:23:20.695723,Outbound,Lead,43.478191893665645,0
2026-03-25 17:23:20.695723,Google Ads,Lead,20.163755901926223,0
2026-02-07 17:23:20.695723,Meta Ads,Agendado,59.70770394951947,0
2026-02-02 17:23:20.695723,LinkedIn,Vendido,56.67980947099875,0
2026-04-24 17:23:20.695723,Indicação,Agendado,24.777872981629532,0
2026-03-18 17:23:20.695723,LinkedIn,Vendido,70.43805367999013,0
2026-01-26 17:23:20.695723,Indicação,Agendado,38.09142169537985,5000
2026-04-18 17:23:20.695723,LinkedIn,Lead,30.476056374951927,0
2026-03-25 17:23:20.695723,LinkedIn,SQL,20.663071262517484,0
2026-04-05 17:23:20.695723,LinkedIn,Lead,28.631760876087625,0
2026-03-09 17:23:20.695723,Indicação,Lead,11.54188448566719,0
2026-02-01 17:23:20.695723,Desconhecido,Vendido,50.82802447192809,0
2026-03-12 17:23:20.695723,LinkedIn,SQL,68.95615224407635,0
2026-02-28 17:23:20.695723,Google Ads,SQL,48.42863146091493,1500
2026-04-12 17:23:20.695723,Outbound,Lead,25.3491773346713,0
2026-04-15 17:23:20.695723,Outbound,Lead,12.35684247497109,0
2026-03-01 17:23:20.695723,Outbound,Lead,25.0239651281162,0
2026-03-15 17:23:20.695723,Indicação,Lead,39.12849996497646,0
2026-01-28 17:23:20.695723,Indicação,Agendado,63.17280000898575,0
2026-01-26 17:23:20.695723,Google Ads,Lead,23.148999677644188,0
2026-01-30 17:23:20.695723,Outbound,Agendado,60.38540173482802,0
2026-03-19 17:23:20.695723,Outbound,Lead,70.68534278463186,0
2026-01-28 17:23:20.695723,LinkedIn,Lead,41.77627936758499,0
2026-03-19 17:23:20.695723,Indicação,Lead,67.50023941498154,0
2026-03-28 17:23:20.695723,Outbound,SQL,48.82601436245669,0
2026-02-11 17:23:20.695723,Google Ads,Agendado,54.59635859566335,0
2026-04-24 17:23:20.695723,Google Ads,SQL,46.839492223674185,0
2026-03-09 17:23:20.695723,Outbound,SQL,42.422090172593926,1500
2026-02-27 17:23:20.695723,Indicação,Agendado,26.42574092430945,0
2026-04-08 17:23:20.695723,Google Ads,Lead,31.223584162273223,0
2026-03-27 17:23:20.695723,LinkedIn,Lead,30.29790832605263,0
2026-02-07 17:23:20.695723,Google Ads,Vendido,49.43022516676703,0
2026-03-13 17:23:20.695723,Meta Ads,Agendado,18.396758511672296,0
2026-02-08 17:23:20.695723,Meta Ads,Lead,74.17541834916346,0
2026-04-06 17:23:20.695723,Indicação,No-show,60.44586016981793,0
2026-04-12 17:23:20.695723,Outbound,Agendado,38.10119416392355,3000
2026-04-21 17:23:20.695723,Indicação,Lead,21.103690116846455,1500
2026-03-27 17:23:20.695723,Indicação,Agendado,71.73945188051451,0
2026-03-05 17:23:20.695723,Indicação,SQL,67.66446630708157,0
2026-04-19 17:23:20.695723,Indicação,SQL,60.52050869020256,0
2026-04-14 17:23:20.695723,LinkedIn,Lead,29.008293318786965,0
2026-04-16 17:23:20.695723,LinkedIn,Lead,38.17126462035682,0
2026-03-18 17:23:20.695723,Desconhecido,Agendado,17.192377671669636,0
2026-02-17 17:23:20.695723,Meta Ads,SQL,23.23276673092722,0
2026-02-19 17:23:20.695723,Indicação,Vendido,64.8111646121713,0
2026-04-23 17:23:20.695723,Google Ads,Agendado,60.05271031954787,1500
2026-03-25 17:23:20.695723,Meta Ads,Lead,51.54400340831543,0
2026-03-06 17:23:20.695723,Outbound,Agendado,72.7008708148321,0
2026-02-22 17:23:20.695723,LinkedIn,Lead,50.82865624691318,0
2026-02-08 17:23:20.695723,Meta Ads,SQL,42.68775999745275,0
2026-03-10 17:23:20.695723,Outbound,Agendado,33.825952241403385,0
2026-03-30 17:23:20.695723,Meta Ads,Lead,75.83139540153208,0
2026-04-23 17:23:20.695723,LinkedIn,SQL,15.790082306704743,1500
2026-04-05 17:23:20.695723,Desconhecido,Lead,75.16211604425659,0
2026-02-02 17:23:20.695723,Google Ads,Lead,67.87002619517128,0
2026-04-22 17:23:20.695723,Indicação,Lead,19.09509471749909,0
2026-01-25 17:23:20.695723,Meta Ads,Lead,49.54890503726775,0
2026-02-01 17:23:20.695723,Meta Ads,No-show,70.65835872243608,0
2026-04-22 17:23:20.695723,Outbound,SQL,50.02664145250076,5000
2026-03-28 17:23:20.695723,LinkedIn,Lead,73.50398750924356,0
2026-02-04 17:23:20.695723,Meta Ads,SQL,76.00886717712298,0
2026-04-15 17:23:20.695723,LinkedIn,Lead,39.56691655290141,0
2026-02-01 17:23:20.695723,Meta Ads,No-show,36.411956298442654,0
2026-02-28 17:23:20.695723,Google Ads,Agendado,75.54248077784098,0
2026-02-28 17:23:20.695723,Indicação,Agendado,57.25980428047677,0
2026-02-26 17:23:20.695723,Meta Ads,Lead,18.12158769437185,0
2026-01-29 17:23:20.695723,LinkedIn,SQL,12.960422445587684,0
2026-03-06 17:23:20.695723,Google Ads,SQL,49.52403356980842,0
2026-02-21 17:23:20.695723,Meta Ads,Vendido,75.11196758068972,0
2026-01-31 17:23:20.695723,Outbound,Lead,69.0974091684073,0
2026-04-07 17:23:20.695723,Indicação,Lead,57.30934225250355,0
2026-04-06 17:23:20.695723,Meta Ads,No-show,19.738109422376127,0
2026-02-05 17:23:20.695723,Google Ads,SQL,27.79619686240869,0
2026-02-27 17:23:20.695723,Outbound,Lead,71.28578585868313,0
2026-02-26 17:23:20.695723,Google Ads,Lead,22.79650656598303,0
2026-03-13 17:23:20.695723,Google Ads,No-show,29.490758577530418,1500
2026-02-16 17:23:20.695723,Outbound,Lead,19.072045583680936,1500
2026-03-27 17:23:20.695723,Google Ads,Agendado,57.32757619900878,0
2026-04-22 17:23:20.695723,Outbound,Agendado,76.07876137542468,1500
2026-03-02 17:23:20.695723,Meta Ads,Lead,28.82776221167702,0
2026-03-09 17:23:20.695723,Outbound,Agendado,43.27846254950516,0
2026-04-20 17:23:20.695723,Outbound,Lead,54.403781779784296,0
2026-02-28 17:23:20.695723,Indicação,Lead,79.96263737509415,0
2026-03-30 17:23:20.695723,Outbound,Agendado,17.336564549830047,0
2026-03-12 17:23:20.695723,Desconhecido,Vendido,44.89995596539964,0
2026-04-12 17:23:20.695723,Meta Ads,Agendado,36.958408393175006,0
2026-01-27 17:23:20.695723,Indicação,SQL,70.60741156556486,0
2026-01-25 17:23:20.695723,LinkedIn,Lead,43.31774117081592,0
2026-01-29 17:23:20.695723,Meta Ads,Lead,17.768426720960367,1500
2026-04-24 17:23:20.695723,Desconhecido,Lead,54.409690170060856,0
2026-02-07 17:23:20.695723,LinkedIn,Lead,63.95464327847159,0
2026-02-20 17:23:20.695723,Outbound,Lead,10.201687616593022,0
2026-02-02 17:23:20.695723,Google Ads,Lead,70.12696797944406,0
2026-04-13 17:23:20.695723,Indicação,Lead,23.021610000396592,0
2026-02-08 17:23:20.695723,Google Ads,Lead,48.64485552573645,0
2026-04-24 17:23:20.695723,LinkedIn,SQL,39.10582504812151,0
2026-03-07 17:23:20.695723,Meta Ads,Vendido,60.37576716273713,0
2026-04-11 17:23:20.695723,Meta Ads,Lead,35.98131303500193,0
2026-03-16 17:23:20.695723,Indicação,No-show,70.88342236771976,0
2026-03-28 17:23:20.695723,Meta Ads,Vendido,61.13474526711531,0
2026-03-17 17:23:20.695723,Meta Ads,Lead,55.3399219744045,0
2026-01-28 17:23:20.695723,Indicação,Agendado,65.7368416893998,0
2026-02-16 17:23:20.695723,Indicação,SQL,62.78161244498676,0
2026-02-08 17:23:20.695723,LinkedIn,SQL,12.515707244508734,0
2026-03-08 17:23:20.695723,Meta Ads,Lead,37.63140476913797,1500
2026-02-22 17:23:20.695723,Meta Ads,SQL,75.15651081215428,5000
2026-03-01 17:23:20.695723,LinkedIn,Lead,18.80069882945584,0
2026-02-06 17:23:20.695723,Outbound,SQL,61.59675853024359,0
2026-02-25 17:23:20.695723,Outbound,Agendado,78.22142679347307,0
2026-04-05 17:23:20.695723,Outbound,Agendado,13.653904033148017,0
2026-03-24 17:23:20.695723,LinkedIn,SQL,57.753571643862735,0
2026-04-20 17:23:20.695723,Meta Ads,Agendado,42.77078989107213,0
2026-02-21 17:23:20.695723,LinkedIn,Lead,50.54226787623055,1500
2026-03-31 17:23:20.695723,LinkedIn,Lead,15.97389355390274,0
2026-03-07 17:23:20.695723,Desconhecido,Vendido,13.010486630685763,1500
2026-03-10 17:23:20.695723,Google Ads,Lead,56.68066623856452,0
2026-03-27 17:23:20.695723,Meta Ads,Lead,67.63166008745026,0
2026-03-22 17:23:20.695723,Outbound,Lead,64.7410734453077,0
2026-01-30 17:23:20.695723,Google Ads,Lead,48.06640095063662,0
2026-02-21 17:23:20.695723,Google Ads,No-show,16.990677479532472,0
2026-02-21 17:23:20.695723,Indicação,SQL,58.16311106852097,0
2026-03-09 17:23:20.695723,Meta Ads,No-show,26.932221848790217,0
2026-04-18 17:23:20.695723,Google Ads,SQL,73.77480919371686,0
2026-02-23 17:23:20.695723,Outbound,SQL,68.67857516819934,0
2026-03-27 17:23:20.695723,Indicação,Lead,59.65680769611736,0
2026-04-09 17:23:20.695723,Meta Ads,Agendado,76.41921690817912,1500
2026-04-23 17:23:20.695723,LinkedIn,Lead,12.199527505789105,0
2026-03-27 17:23:20.695723,Outbound,Vendido,61.53402975425334,0
2026-01-25 17:23:20.695723,Google Ads,Vendido,33.11699455354837,0
2026-02-20 17:23:20.695723,Google Ads,Lead,73.42461199804558,0
2026-03-27 17:23:20.695723,Outbound,No-show,28.66726376633843,0
2026-04-11 17:23:20.695723,Google Ads,Vendido,60.73995495205119,0
2026-01-27 17:23:20.695723,Indicação,Agendado,71.4352913755547,0
2026-04-04 17:23:20.695723,Meta Ads,Lead,12.91597728678777,0
2026-04-06 17:23:20.695723,Indicação,SQL,37.835330571442526,0
2026-02-20 17:23:20.695723,Google Ads,SQL,63.36163224153571,0
2026-02-02 17:23:20.695723,LinkedIn,Lead,41.84432226553109,0
2026-03-27 17:23:20.695723,Meta Ads,Lead,28.707684085551676,0
2026-03-02 17:23:20.695723,Meta Ads,Agendado,25.3863744176233,0
2026-03-16 17:23:20.695723,Desconhecido,Lead,19.20627868414645,0
2026-03-09 17:23:20.695723,Outbound,SQL,69.99906918993976,0
2026-02-17 17:23:20.695723,LinkedIn,No-show,50.27487822760892,0
2026-04-13 17:23:20.695723,Meta Ads,Vendido,15.34694614940192,0
2026-03-24 17:23:20.695723,LinkedIn,Lead,36.78062264994448,0
2026-02-25 17:23:20.695723,Outbound,Vendido,35.74135555635769,0
2026-04-22 17:23:20.695723,Outbound,Lead,22.72174334966241,0
2026-03-17 17:23:20.695723,Meta Ads,Lead,40.48553378305335,1500
2026-03-27 17:23:20.695723,Indicação,Agendado,33.24695557751955,0
2026-03-23 17:23:20.695723,Google Ads,Lead,33.92625938445278,0
2026-03-17 17:23:20.695723,Outbound,Lead,61.73185904515711,0
2026-02-05 17:23:20.695723,Outbound,SQL,25.62843698536374,0
2026-03-04 17:23:20.695723,Indicação,Lead,54.93019711987488,0
2026-01-26 17:23:20.695723,Indicação,Lead,49.94547367166544,0
2026-01-27 17:23:20.695723,LinkedIn,SQL,49.76647586365071,0
2026-03-21 17:23:20.695723,LinkedIn,Agendado,56.41051422992432,0
2026-04-15 17:23:20.695723,Google Ads,Agendado,48.386742533695774,0
2026-03-24 17:23:20.695723,Google Ads,Lead,71.54785803924693,0
2026-01-26 17:23:20.695723,Meta Ads,SQL,57.29060643651819,0
2026-01-26 17:23:20.695723,LinkedIn,Lead,48.287427595997165,0
2026-03-19 17:23:20.695723,Outbound,Lead,68.08341842013513,5000
2026-04-21 17:23:20.695723,LinkedIn,Agendado,52.43025954534358,0
2026-01-25 17:23:20.695723,Outbound,Lead,30.38009734496253,5000
2026-02-12 17:23:20.695723,Indicação,Lead,24.496644272359987,1500
2026-01-26 17:23:20.695723,LinkedIn,Agendado,20.66294499638752,0
2026-03-18 17:23:20.695723,Indicação,Agendado,72.96186487822712,0
2026-03-09 17:23:20.695723,Desconhecido,Agendado,59.70948022586461,0
2026-04-24 17:23:20.695723,Google Ads,Lead,75.61649067150245,0
2026-02-25 17:23:20.695723,Meta Ads,Lead,52.230426400046014,0
2026-04-04 17:23:20.695723,LinkedIn,Lead,43.13806170464388,0
2026-02-25 17:23:20.695723,Indicação,Lead,14.180154227962252,0
2026-04-02 17:23:20.695723,Outbound,Agendado,57.01495970822209,0
2026-03-20 17:23:20.695723,Google Ads,Vendido,50.75461318377618,1500
2026-04-09 17:23:20.695723,Google Ads,Agendado,79.3146225511335,0
2026-03-21 17:23:20.695723,Outbound,Agendado,26.741114444757013,0
2026-02-10 17:23:20.695723,Indicação,SQL,47.15161487007851,0
2026-03-03 17:23:20.695723,Indicação,Agendado,55.56701345826509,1500
2026-02-17 17:23:20.695723,LinkedIn,Lead,55.121382231964056,0
2026-04-03 17:23:20.695723,LinkedIn,SQL,49.29054800638819,0
2026-04-04 17:23:20.695723,Meta Ads,SQL,64.38496072290579,0
2026-04-20 17:23:20.695723,Google Ads,Lead,24.348684666877148,0
2026-02-04 17:23:20.695723,LinkedIn,Lead,60.79390401920911,0
2026-02-09 17:23:20.695723,Indicação,No-show,53.38142000031624,1500
2026-04-07 17:23:20.695723,Outbound,Lead,72.72525782562013,0
2026-03-24 17:23:20.695723,Indicação,Lead,69.30361073235072,0
2026-04-04 17:23:20.695723,Google Ads,SQL,32.06029273927873,0
2026-04-14 17:23:20.695723,Indicação,Agendado,29.33661274826072,0
2026-01-27 17:23:20.695723,Meta Ads,SQL,78.71573266967135,0
2026-02-13 17:23:20.695723,Google Ads,Agendado,46.90856266406796,0
2026-03-24 17:23:20.695723,Outbound,Lead,73.44946747401058,0
2026-03-01 17:23:20.695723,Meta Ads,Agendado,21.471671664633757,0
2026-02-12 17:23:20.695723,Google Ads,Lead,54.9973240360122,0
2026-04-24 17:23:20.695723,Outbound,Vendido,66.69021311524104,0
2026-04-01 17:23:20.695723,Meta Ads,Agendado,76.31766747105128,0
2026-02-12 17:23:20.695723,Meta Ads,Lead,33.61380987119165,0
2026-02-13 17:23:20.695723,Google Ads,Lead,60.74868189468367,0
2026-04-05 17:23:20.695723,Desconhecido,Lead,47.716910632773335,1500
2026-03-17 17:23:20.695723,Meta Ads,Lead,14.244024824652772,0
2026-02-26 17:23:20.695723,Meta Ads,Lead,58.29998161162604,0
2026-03-05 17:23:20.695723,Outbound,Agendado,58.30675907664904,0
2026-03-04 17:23:20.695723,Indicação,SQL,75.1424763392576,0
2026-04-16 17:23:20.695723,Desconhecido,Lead,44.81187123182807,0
2026-01-25 17:23:20.695723,Google Ads,Lead,26.117564449736022,0
2026-02-04 17:23:20.695723,LinkedIn,Lead,13.11946764140754,0
2026-03-22 17:23:20.695723,LinkedIn,Vendido,39.0949530680134,1500
2026-04-23 17:23:20.695723,Google Ads,Lead,31.13416900542513,0
2026-03-15 17:23:20.695723,LinkedIn,Agendado,63.27618142167129,0
2026-02-16 17:23:20.695723,Outbound,Vendido,34.79874353887326,0
2026-02-24 17:23:20.695723,Google Ads,Agendado,76.43498374203908,0
2026-03-07 17:23:20.695723,LinkedIn,Vendido,77.36171420914489,0
2026-01-31 17:23:20.695723,Google Ads,Lead,53.463601315239565,0
2026-02-09 17:23:20.695723,Indicação,No-show,75.0062200910418,0
2026-04-24 17:23:20.695723,Meta Ads,Lead,63.25980411601469,0
2026-03-25 17:23:20.695723,Google Ads,Lead,48.28017486825883,0
2026-01-26 17:23:20.695723,Meta Ads,Agendado,22.62155547959447,0
2026-01-25 17:23:20.695723,LinkedIn,No-show,42.1018560459688,0
2026-03-13 17:23:20.695723,Meta Ads,Vendido,49.26121243538323,0
2026-02-05 17:23:20.695723,Google Ads,Lead,70.47731065145072,0
2026-04-03 17:23:20.695723,Indicação,Lead,43.69333635749654,0
2026-03-02 17:23:20.695723,LinkedIn,No-show,72.83722708745697,0
2026-02-25 17:23:20.695723,Google Ads,Lead,57.204428531642826,0
2026-02-02 17:23:20.695723,LinkedIn,Agendado,19.589934413757,1500
2026-02-12 17:23:20.695723,Outbound,Vendido,79.6486958527565,0
2026-03-13 17:23:20.695723,Meta Ads,SQL,46.90628625277388,0
2026-04-14 17:23:20.695723,Outbound,Lead,37.43008074863552,0
2026-01-27 17:23:20.695723,Google Ads,SQL,56.13796351286685,0
2026-02-13 17:23:20.695723,Indicação,Lead,17.622531978672736,0
2026-02-17 17:23:20.695723,LinkedIn,Vendido,54.55770527273481,0
2026-03-19 17:23:20.695723,Meta Ads,SQL,44.87652003494911,0
2026-02-26 17:23:20.695723,LinkedIn,Vendido,38.467184899900815,0
2026-02-17 17:23:20.695723,Google Ads,Lead,76.71140148252294,0
2026-04-09 17:23:20.695723,LinkedIn,No-show,46.57778017124373,0
2026-04-06 17:23:20.695723,Meta Ads,SQL,25.33822356289569,0
2026-03-01 17:23:20.695723,Desconhecido,Lead,42.1274435564109,0
2026-03-03 17:23:20.695723,LinkedIn,Lead,74.35711832008708,0
2026-04-18 17:23:20.695723,Indicação,Agendado,22.326682993141628,0
2026-04-23 17:23:20.695723,Google Ads,Agendado,24.97699270817658,0
2026-02-18 17:23:20.695723,Google Ads,Vendido,10.912069742995865,0
2026-02-11 17:23:20.695723,Indicação,Lead,10.993303457703703,0
2026-04-16 17:23:20.695723,Outbound,Lead,68.05741388709588,0
2026-03-31 17:23:20.695723,Meta Ads,SQL,61.248582479006906,0
2026-03-19 17:23:20.695723,Outbound,Lead,34.85287395163708,0
2026-02-28 17:23:20.695723,LinkedIn,SQL,58.881781005930094,0
2026-04-14 17:23:20.695723,Indicação,No-show,37.66441484169792,0
2026-03-26 17:23:20.695723,Outbound,No-show,76.70277571984792,0
2026-03-06 17:23:20.695723,Google Ads,No-show,77.69368769982243,0
2026-02-26 17:23:20.695723,LinkedIn,Agendado,37.49556430665403,0
2026-04-02 17:23:20.695723,LinkedIn,Lead,69.79553344386076,0
2026-02-26 17:23:20.695723,Outbound,SQL,64.11623291882263,0
2026-02-07 17:23:20.695723,Outbound,SQL,31.69999560202525,0
2026-02-14 17:23:20.695723,Indicação,Vendido,26.242788023077416,0
2026-03-13 17:23:20.695723,Meta Ads,Lead,42.07642552749837,0
2026-02-13 17:23:20.695723,Outbound,SQL,64.69441884300844,5000
2026-02-01 17:23:20.695723,Outbound,Lead,77.21174493101218,0
2026-01-31 17:23:20.695723,Google Ads,SQL,63.45053482066008,0
2026-04-01 17:23:20.695723,LinkedIn,Vendido,69.86448895128589,0
2026-02-10 17:23:20.695723,Meta Ads,Agendado,52.21450143193616,0
2026-02-26 17:23:20.695723,Google Ads,Lead,68.47854815894881,0
2026-03-13 17:23:20.695723,Indicação,No-show,64.90946006023924,0
2026-04-10 17:23:20.695723,Indicação,Agendado,36.388987934839605,0
2026-03-24 17:23:20.695723,Outbound,Lead,48.63932114845048,0
2026-04-20 17:23:20.695723,Desconhecido,Lead,66.33271853927863,0
2026-02-15 17:23:20.695723,Indicação,Lead,13.223971393296946,0
2026-02-23 17:23:20.695723,Outbound,Lead,66.5655497649081,0
2026-03-03 17:23:20.695723,Meta Ads,No-show,22.45216868343164,0
2026-03-16 17:23:20.695723,Outbound,SQL,46.02785319850073,0
2026-03-19 17:23:20.695723,LinkedIn,Vendido,66.57928076891562,0
2026-02-01 17:23:20.695723,Outbound,Lead,27.76747547096864,1500
2026-02-20 17:23:20.695723,Google Ads,Lead,27.20652075143071,0
2026-02-20 17:23:20.695723,Meta Ads,SQL,38.19350789235763,0
2026-02-14 17:23:20.695723,Google Ads,Lead,72.62499583043441,0
2026-02-23 17:23:20.695723,Google Ads,SQL,10.030994700604552,0
2026-02-21 17:23:20.695723,LinkedIn,No-show,73.09681676493545,0
2026-03-29 17:23:20.695723,Meta Ads,SQL,20.766491724912544,0
2026-04-03 17:23:20.695723,Meta Ads,Agendado,79.30604632472374,0
2026-03-26 17:23:20.695723,Desconhecido,Lead,76.83928951269277,0
2026-03-13 17:23:20.695723,Meta Ads,Lead,44.62726327138983,0
2026-02-12 17:23:20.695723,Meta Ads,Lead,45.89041734688397,0
2026-01-28 17:23:20.695723,LinkedIn,SQL,43.7084538193098,0
2026-02-28 17:23:20.695723,Outbound,Lead,54.48105519616658,0
2026-03-29 17:23:20.695723,Google Ads,Lead,16.350519156445174,0
2026-03-14 17:23:20.695723,Meta Ads,SQL,12.283256383909656,1500
2026-02-10 17:23:20.695723,Outbound,Lead,14.03920498911292,0
2026-03-09 17:23:20.695723,Outbound,Lead,41.105574446906,0
2026-02-23 17:23:20.695723,Google Ads,Lead,29.28835574536384,0
2026-03-11 17:23:20.695723,LinkedIn,No-show,53.54276936596956,0
2026-01-30 17:23:20.695723,Indicação,Agendado,79.47096025623453,0
2026-03-02 17:23:20.695723,Indicação,SQL,37.04262211535261,1500
2026-02-17 17:23:20.695723,Outbound,Lead,50.16888778731594,0
2026-03-11 17:23:20.695723,Google Ads,No-show,39.09227271351348,0
2026-03-18 17:23:20.695723,Indicação,Agendado,69.30901674053015,0
2026-03-25 17:23:20.695723,Outbound,Lead,73.15654824235666,0
2026-03-28 17:23:20.695723,LinkedIn,Vendido,71.4148928543682,0
2026-04-19 17:23:20.695723,Indicação,Lead,78.20605670754803,0
2026-02-25 17:23:20.695723,Outbound,SQL,11.926342959829071,0
2026-04-21 17:23:20.695723,Outbound,Agendado,68.78713135018717,0
2026-02-26 17:23:20.695723,Meta Ads,Lead,62.62405211273653,0
2026-04-01 17:23:20.695723,LinkedIn,No-show,26.008608658025533,0
2026-02-11 17:23:20.695723,Meta Ads,Agendado,76.94240653712693,1500
2026-02-18 17:23:20.695723,Google Ads,SQL,20.372454976096183,0
2026-03-19 17:23:20.695723,Meta Ads,Lead,57.56849489937359,0
2026-03-23 17:23:20.695723,Meta Ads,Lead,25.742315177113877,0
2026-04-01 17:23:20.695723,Indicação,Lead,40.19664541418523,0
2026-03-11 17:23:20.695723,Outbound,Agendado,60.34119278611983,3000
2026-02-17 17:23:20.695723,LinkedIn,Lead,49.432724942313264,0
2026-02-25 17:23:20.695723,Desconhecido,SQL,39.92512819296782,0
2026-03-12 17:23:20.695723,LinkedIn,Agendado,32.84369016523911,0
2026-04-20 17:23:20.695723,Meta Ads,Lead,68.77617589961532,0
2026-02-16 17:23:20.695723,Google Ads,Agendado,20.06700452203696,0
2026-03-31 17:23:20.695723,Meta Ads,Lead,40.107201357086005,0
2026-02-20 17:23:20.695723,Indicação,No-show,73.26303002425995,0
2026-01-26 17:23:20.695723,Desconhecido,SQL,69.20946853219775,0
2026-04-24 17:23:20.695723,Google Ads,Lead,38.065923373113264,0
2026-02-10 17:23:20.695723,Meta Ads,Lead,63.41758545209158,1500
2026-02-26 17:23:20.695723,LinkedIn,SQL,67.62125814962015,0
2026-02-02 17:23:20.695723,Google Ads,Agendado,72.22211968025408,0
2026-03-08 17:23:20.695723,Google Ads,Agendado,48.11540383344596,0
2026-03-13 17:23:20.695723,Meta Ads,Agendado,24.312262023829824,0
2026-03-04 17:23:20.695723,Google Ads,Lead,27.871635355275217,0
2026-03-07 17:23:20.695723,LinkedIn,Lead,30.698627182912293,0
2026-02-19 17:23:20.695723,Google Ads,Lead,51.56617365667309,3000
2026-03-15 17:23:20.695723,LinkedIn,SQL,12.29667368900259,0
2026-02-18 17:23:20.695723,Meta Ads,Vendido,54.52297281459778,0
2026-02-17 17:23:20.695723,Outbound,SQL,35.50479668997624,0
2026-02-06 17:23:20.695723,Google Ads,Lead,30.666926174274952,0
2026-03-25 17:23:20.695723,Outbound,SQL,71.56475995096885,0
2026-01-31 17:23:20.695723,LinkedIn,Vendido,42.20016769065592,0
2026-03-22 17:23:20.695723,Google Ads,Agendado,16.653713187288496,0
2026-03-01 17:23:20.695723,Indicação,Vendido,67.87227376183729,0
2026-03-10 17:23:20.695723,Outbound,Lead,13.334888020555464,0
2026-02-13 17:23:20.695723,Google Ads,Lead,60.87244569177376,0
2026-03-30 17:23:20.695723,Outbound,Vendido,64.17343552394655,0
2026-02-01 17:23:20.695723,Google Ads,Agendado,34.68218241502007,0
2026-02-09 17:23:20.695723,Meta Ads,Lead,67.73514993944508,0
2026-02-07 17:23:20.695723,Outbound,Agendado,46.09615840995174,0
2026-04-10 17:23:20.695723,Indicação,Vendido,42.43055572909578,0
2026-04-21 17:23:20.695723,Indicação,Agendado,13.178229702808478,0
2026-02-08 17:23:20.695723,LinkedIn,Agendado,30.302043555423413,0
2026-03-31 17:23:20.695723,Google Ads,Lead,75.17069796197099,1500
2026-02-25 17:23:20.695723,Outbound,SQL,37.427677429845005,0
2026-04-21 17:23:20.695723,LinkedIn,SQL,48.269036438973785,0
2026-03-28 17:23:20.695723,Outbound,Vendido,47.24151752889762,0
2026-04-20 17:23:20.695723,Google Ads,Vendido,51.330176287588536,0
2026-03-16 17:23:20.695723,Indicação,Vendido,14.293166895029785,0
2026-02-18 17:23:20.695723,Meta Ads,Lead,35.35233783591098,0
2026-03-23 17:23:20.695723,Indicação,Agendado,60.61897917177879,0
2026-03-28 17:23:20.695723,Desconhecido,Agendado,24.039217575108804,0
2026-03-27 17:23:20.695723,Meta Ads,Agendado,24.25048642824523,1500
2026-02-15 17:23:20.695723,Desconhecido,Agendado,10.706342468231732,0
2026-03-23 17:23:20.695723,Desconhecido,Vendido,40.62373486257468,0
2026-03-23 17:23:20.695723,Meta Ads,SQL,71.79140664713954,0
2026-04-20 17:23:20.695723,LinkedIn,SQL,13.63306605111163,0
2026-03-14 17:23:20.695723,Google Ads,Lead,23.378309664720184,0
2026-03-17 17:23:20.695723,Indicação,Lead,31.70591768399285,0
2026-03-07 17:23:20.695723,Google Ads,Agendado,61.2207315594949,0
2026-04-04 17:23:20.695723,Outbound,Agendado,54.84449149618106,0
2026-02-08 17:23:20.695723,Google Ads,Lead,39.11607332072985,0
2026-03-19 17:23:20.695723,Google Ads,Lead,63.1348257480863,0
2026-03-25 17:23:20.695723,Outbound,Agendado,52.67417081598313,0
2026-02-01 17:23:20.695723,Desconhecido,Lead,72.72285597600533,0
2026-03-18 17:23:20.695723,LinkedIn,Lead,67.26187243970851,0
2026-03-25 17:23:20.695723,Google Ads,Lead,27.69695242624404,0
2026-01-29 17:23:20.695723,Outbound,Lead,29.000700434394016,0
2026-04-02 17:23:20.695723,Outbound,Lead,18.774953305466997,0
2026-01-30 17:23:20.695723,Indicação,Lead,33.587530800221955,0
2026-03-12 17:23:20.695723,LinkedIn,SQL,79.9680743103366,5000
2026-03-20 17:23:20.695723,Meta Ads,Vendido,38.40258180305427,0
2026-03-05 17:23:20.695723,LinkedIn,SQL,25.43419042823745,0
2026-03-17 17:23:20.695723,LinkedIn,Agendado,63.37380191328871,0
2026-02-09 17:23:20.695723,Desconhecido,Lead,47.97297024238593,0
2026-02-06 17:23:20.695723,Meta Ads,Lead,20.47210146688668,0
2026-02-23 17:23:20.695723,Indicação,Agendado,36.6482776812606,0
2026-02-12 17:23:20.695723,Desconhecido,Lead,39.01288008775403,0
2026-02-10 17:23:20.695723,Google Ads,SQL,62.7680790398453,0
2026-03-28 17:23:20.695723,Meta Ads,SQL,11.446995822433312,0
2026-02-12 17:23:20.695723,Indicação,Agendado,28.831375275881733,1500
2026-03-23 17:23:20.695723,LinkedIn,Lead,46.231741092086544,0
2026-03-20 17:23:20.695723,Meta Ads,Lead,28.819271971699035,0
2026-04-24 17:23:20.695723,Meta Ads,Agendado,53.99038331932992,0
2026-04-24 17:23:20.695723,Outbound,Lead,43.73072354922317,0
2026-03-27 17:23:20.695723,LinkedIn,Agendado,35.31971784017064,0
2026-02-16 17:23:20.695723,Google Ads,Agendado,76.44460388093586,0
2026-02-02 17:23:20.695723,Indicação,No-show,54.25116494305202,0
2026-02-05 17:23:20.695723,Google Ads,Lead,19.095896058755883,0
2026-01-25 17:23:20.695723,LinkedIn,Vendido,49.20641882103769,0
2026-03-23 17:23:20.695723,Meta Ads,SQL,64.65122972406307,0
2026-01-25 17:23:20.695723,Meta Ads,Lead,59.59427882449582,0
2026-02-27 17:23:20.695723,LinkedIn,Lead,22.04624605066816,0
2026-03-13 17:23:20.695723,Meta Ads,Agendado,78.06939993280723,0
2026-04-23 17:23:20.695723,Desconhecido,Lead,41.416955202262415,0
2026-01-25 17:23:20.695723,Meta Ads,Lead,21.13175026181829,0
2026-02-09 17:23:20.695723,Indicação,Lead,22.613702788970357,1500
2026-03-26 17:23:20.695723,Indicação,Vendido,16.876449453235637,0
2026-03-29 17:23:20.695723,Outbound,Agendado,66.2462675904454,0
2026-03-28 17:23:20.695723,Google Ads,Agendado,18.542134602529405,0
2026-04-03 17:23:20.695723,LinkedIn,Lead,18.758767999922284,0
2026-02-15 17:23:20.695723,LinkedIn,Lead,69.53301303325864,0
2026-04-01 17:23:20.695723,LinkedIn,Agendado,34.12228591132917,1500
2026-04-10 17:23:20.695723,Outbound,SQL,12.160053301565071,0
2026-02-19 17:23:20.695723,Indicação,Lead,13.63267096628876,0
2026-02-09 17:23:20.695723,Outbound,Agendado,19.95193126927269,0
2026-03-16 17:23:20.695723,LinkedIn,No-show,24.93753435829827,0
2026-04-20 17:23:20.695723,Google Ads,Agendado,56.56023359668838,0
2026-03-22 17:23:20.695723,Meta Ads,Agendado,21.012839600127972,1500
2026-02-22 17:23:20.695723,Indicação,No-show,18.32120738239504,0
2026-04-12 17:23:20.695723,Indicação,Lead,63.530339903339545,0
2026-04-03 17:23:20.695723,Outbound,SQL,56.97386987019401,0
2026-03-12 17:23:20.695723,Indicação,No-show,40.47269550186653,0
2026-03-27 17:23:20.695723,LinkedIn,Lead,48.45168400360728,0
2026-04-03 17:23:20.695723,LinkedIn,Agendado,31.83888142284929,0
2026-04-10 17:23:20.695723,Outbound,SQL,43.77502941647525,0
2026-02-09 17:23:20.695723,LinkedIn,SQL,45.4670854287922,0
2026-04-24 17:23:20.695723,Google Ads,Agendado,37.10660898246671,0
2026-04-24 17:23:20.695723,Outbound,No-show,73.4600547470514,0
2026-03-13 17:23:20.695723,Google Ads,Agendado,11.12433054867043,0
2026-04-19 17:23:20.695723,Meta Ads,Lead,64.75198841638723,0
2026-03-04 17:23:20.695723,Google Ads,Vendido,18.706798186892705,0
2026-02-26 17:23:20.695723,Meta Ads,Lead,65.82831523760396,0
2026-02-16 17:23:20.695723,Meta Ads,Lead,53.113834097370486,0
2026-02-03 17:23:20.695723,Google Ads,SQL,69.02946636554816,0
2026-04-03 17:23:20.695723,Desconhecido,SQL,16.826002794862823,0
2026-02-27 17:23:20.695723,LinkedIn,SQL,49.128644386984185,0
2026-03-17 17:23:20.695723,LinkedIn,No-show,45.0761516183538,0
2026-02-03 17:23:20.695723,Meta Ads,Agendado,59.433522807435104,0
2026-02-12 17:23:20.695723,Meta Ads,Agendado,47.40033863255731,0
2026-03-23 17:23:20.695723,Outbound,Lead,47.85141969931729,0
2026-01-25 17:23:20.695723,Indicação,No-show,40.071716050324525,0
2026-04-03 17:23:20.695723,Google Ads,No-show,31.61840968051386,0
2026-01-28 17:23:20.695723,Desconhecido,Agendado,43.758505287653456,0
2026-02-09 17:23:20.695723,LinkedIn,Lead,18.294465113788043,0
2026-02-17 17:23:20.695723,Outbound,Lead,77.30593372881593,0
2026-04-14 17:23:20.695723,Google Ads,Lead,60.00875345386188,0
2026-01-26 17:23:20.695723,Outbound,Lead,76.67269816814928,0
2026-02-25 17:23:20.695723,Google Ads,Lead,25.870916763097423,0
2026-04-18 17:23:20.695723,Google Ads,No-show,71.55387141235695,0
2026-02-17 17:23:20.695723,Meta Ads,SQL,66.6152989194477,0
2026-02-05 17:23:20.695723,Outbound,Lead,57.40066887203716,0
2026-03-15 17:23:20.695723,Outbound,Lead,53.7520430259644,0
2026-02-28 17:23:20.695723,Desconhecido,Lead,32.1584765687509,0
2026-02-26 17:23:20.695723,LinkedIn,Lead,67.14875494755215,0
2026-02-26 17:23:20.695723,Meta Ads,Lead,45.10608230358137,0
2026-03-26 17:23:20.695723,Meta Ads,Lead,14.962410312389975,0
2026-03-16 17:23:20.695723,Indicação,Agendado,31.9004212598591,1500
2026-03-08 17:23:20.695723,LinkedIn,No-show,75.47079689817294,0
2026-02-05 17:23:20.695723,Google Ads,Lead,69.54761824233924,0
2026-04-01 17:23:20.695723,Outbound,SQL,78.73339886535774,0
2026-03-30 17:23:20.695723,Meta Ads,Vendido,53.95953678228687,0
2026-02-26 17:23:20.695723,Outbound,Lead,27.32570511982884,0
2026-03-05 17:23:20.695723,Outbound,Lead,21.397053477380464,0
2026-04-08 17:23:20.695723,Indicação,Vendido,23.084010842592317,0
2026-03-08 17:23:20.695723,LinkedIn,Lead,11.385696084307806,0
2026-03-09 17:23:20.695723,Meta Ads,Agendado,37.34774776901574,0
2026-02-22 17:23:20.695723,Outbound,SQL,23.399937634967976,0
2026-02-06 17:23:20.695723,Meta Ads,Lead,38.81588223196917,0
2026-02-05 17:23:20.695723,Google Ads,Lead,75.44961022871358,3000
2026-03-11 17:23:20.695723,Indicação,Agendado,40.1378146655033,0
2026-01-26 17:23:20.695723,Google Ads,Lead,71.45891478893844,0
2026-02-28 17:23:20.695723,Meta Ads,Lead,52.38533366311135,0
2026-04-21 17:23:20.695723,Meta Ads,Agendado,27.299208826297438,0
2026-04-15 17:23:20.695723,LinkedIn,SQL,34.9098331481448,0
2026-04-24 17:23:20.695723,Outbound,Lead,15.87436750750006,0
2026-02-01 17:23:20.695723,Outbound,Vendido,33.342381551720734,0
2026-02-19 17:23:20.695723,Google Ads,Lead,57.42786618524738,0
2026-04-08 17:23:20.695723,Indicação,Vendido,15.047776505060462,0
2026-04-24 17:23:20.695723,Outbound,Agendado,24.378098593462056,0
2026-02-27 17:23:20.695723,LinkedIn,Agendado,36.700872898931806,0
2026-01-31 17:23:20.695723,Google Ads,SQL,78.74346759111738,0
2026-04-02 17:23:20.695723,Google Ads,No-show,64.94032760712162,0
2026-03-23 17:23:20.695723,LinkedIn,Lead,61.34407225444727,0
2026-04-09 17:23:20.695723,Indicação,Agendado,18.133366956781217,0
2026-02-22 17:23:20.695723,LinkedIn,Lead,64.66971255304941,0
2026-03-01 17:23:20.695723,Indicação,Lead,64.96881680612105,5000
2026-04-23 17:23:20.695723,Desconhecido,Lead,52.07718869370298,0
2026-02-14 17:23:20.695723,LinkedIn,No-show,79.32532473988603,0
2026-03-01 17:23:20.695723,Meta Ads,No-show,32.76777341471863,0
2026-02-03 17:23:20.695723,Google Ads,Lead,75.88907137692962,0
2026-04-07 17:23:20.695723,LinkedIn,Lead,74.03117804695525,0
2026-02-17 17:23:20.695723,LinkedIn,Agendado,10.803646182456449,0
2026-03-29 17:23:20.695723,Outbound,SQL,41.50815685323677,0
2026-03-14 17:23:20.695723,Desconhecido,Lead,78.39729631361013,0
2026-03-01 17:23:20.695723,Outbound,Agendado,17.218495368565307,0
2026-04-16 17:23:20.695723,Google Ads,SQL,48.34492860683236,5000
2026-02-17 17:23:20.695723,Outbound,No-show,78.52702549287729,0
2026-02-16 17:23:20.695723,LinkedIn,Lead,48.88467968741021,0
2026-03-27 17:23:20.695723,LinkedIn,SQL,23.28707120805092,0
2026-03-02 17:23:20.695723,Meta Ads,SQL,50.75282610648129,0
2026-02-05 17:23:20.695723,Outbound,Agendado,24.31084017646828,0
2026-03-20 17:23:20.695723,Indicação,SQL,46.3792984026139,0
2026-02-06 17:23:20.695723,Meta Ads,Agendado,15.18295525386436,0
2026-02-16 17:23:20.695723,Outbound,Lead,52.38378684500832,0
2026-04-23 17:23:20.695723,Outbound,Vendido,46.17529573897107,0
2026-02-23 17:23:20.695723,Meta Ads,SQL,61.811295813302415,0
2026-02-10 17:23:20.695723,LinkedIn,Lead,54.14903298111495,0
2026-03-27 17:23:20.695723,Outbound,Agendado,48.47243879715297,0
2026-04-18 17:23:20.695723,LinkedIn,Lead,58.28451944736848,0
2026-04-23 17:23:20.695723,Meta Ads,Lead,20.07593395005616,0
2026-04-20 17:23:20.695723,LinkedIn,Vendido,51.675176288102286,0
2026-02-06 17:23:20.695723,Google Ads,SQL,22.04774219759444,0
2026-03-24 17:23:20.695723,Indicação,Agendado,74.78655454963166,0
2026-02-12 17:23:20.695723,Outbound,Lead,14.783387339192297,0
2026-03-14 17:23:20.695723,Indicação,Agendado,40.12623247835553,0
2026-02-05 17:23:20.695723,LinkedIn,Lead,58.70582343588114,0
2026-03-26 17:23:20.695723,Outbound,Lead,42.06155481677811,0
2026-02-12 17:23:20.695723,LinkedIn,No-show,16.446667726303165,0
2026-04-10 17:23:20.695723,Google Ads,Agendado,48.73653112886952,0
2026-02-02 17:23:20.695723,Meta Ads,SQL,54.91423361791482,0
2026-04-05 17:23:20.695723,Outbound,Lead,59.26546176933554,0
2026-02-21 17:23:20.695723,Google Ads,Vendido,36.12818701239313,0
2026-04-12 17:23:20.695723,Google Ads,SQL,49.45619797201336,3000
2026-03-17 17:23:20.695723,Outbound,Agendado,41.54805324572392,0
2026-04-17 17:23:20.695723,Desconhecido,Agendado,57.04392271265774,0
2026-02-09 17:23:20.695723,Google Ads,Lead,50.8489877127373,0
2026-04-03 17:23:20.695723,Indicação,Lead,46.80293536913944,1500
2026-02-05 17:23:20.695723,Google Ads,Agendado,27.466705678677403,0
2026-02-18 17:23:20.695723,LinkedIn,Lead,10.141296242376374,0
2026-03-17 17:23:20.695723,LinkedIn,Lead,22.185717271800048,0
2026-04-19 17:23:20.695723,Indicação,No-show,18.194622899691808,0
2026-03-18 17:23:20.695723,Google Ads,SQL,41.43593215076628,0
2026-02-16 17:23:20.695723,LinkedIn,Agendado,52.85807055332913,0
2026-02-09 17:23:20.695723,Outbound,SQL,24.915950607936573,0
2026-03-22 17:23:20.695723,Meta Ads,SQL,75.73399671770309,1500
2026-03-04 17:23:20.695723,Meta Ads,Lead,10.467749045672145,0
2026-03-18 17:23:20.695723,Meta Ads,Lead,64.06107106157401,0
2026-03-07 17:23:20.695723,Google Ads,Lead,53.76433386713096,0
2026-03-23 17:23:20.695723,Indicação,Lead,36.14883607333773,0
2026-03-04 17:23:20.695723,LinkedIn,Agendado,13.534226108868555,0
2026-02-07 17:23:20.695723,Outbound,Lead,53.92406002489955,0
2026-01-29 17:23:20.695723,Outbound,SQL,36.99294590059536,0
2026-02-28 17:23:20.695723,Google Ads,Lead,75.53869975892535,0
2026-04-21 17:23:20.695723,Meta Ads,Lead,47.939305242283616,0
2026-04-09 17:23:20.695723,Google Ads,SQL,75.77560579054557,5000
2026-02-11 17:23:20.695723,Indicação,Lead,25.433858543131286,0
2026-04-10 17:23:20.695723,Indicação,Lead,60.80081372548723,0
2026-02-02 17:23:20.695723,Desconhecido,Lead,53.2074314594108,0
2026-04-08 17:23:20.695723,LinkedIn,Lead,61.75857608819183,0
2026-03-23 17:23:20.695723,Indicação,Agendado,25.02675047807757,0
2026-02-10 17:23:20.695723,Indicação,Lead,56.54961613664416,0
2026-01-31 17:23:20.695723,Indicação,Lead,44.862827513980825,0
2026-03-11 17:23:20.695723,Google Ads,Agendado,61.99774824344214,0
2026-02-06 17:23:20.695723,Indicação,Lead,32.893125090627244,0
2026-03-05 17:23:20.695723,Outbound,Vendido,72.30399178256768,0
2026-03-07 17:23:20.695723,Meta Ads,SQL,15.901092022794526,0
2026-02-02 17:23:20.695723,Indicação,SQL,66.50325231538316,0
2026-03-15 17:23:20.695723,Meta Ads,SQL,70.29237380705635,0
2026-02-20 17:23:20.695723,Google Ads,Lead,67.20766179567748,0
2026-03-31 17:23:20.695723,Meta Ads,Agendado,45.89084759832432,0
2026-01-29 17:23:20.695723,Google Ads,Lead,40.686948602153294,0
2026-02-22 17:23:20.695723,Outbound,Vendido,79.73836005674137,0
2026-03-02 17:23:20.695723,Desconhecido,Lead,26.042036584991347,0
2026-03-03 17:23:20.695723,Google Ads,SQL,48.28131761132312,0
2026-04-17 17:23:20.695723,LinkedIn,SQL,56.94728677676279,0
2026-02-01 17:23:20.695723,Indicação,Lead,59.06073451030024,0
2026-03-30 17:23:20.695723,Indicação,Lead,24.28172660170051,0
2026-04-20 17:23:20.695723,Outbound,Agendado,55.77958646378608,0
2026-02-10 17:23:20.695723,Outbound,Vendido,67.28586965369361,0
2026-04-05 17:23:20.695723,Desconhecido,Lead,13.501300377477854,0
2026-04-23 17:23:20.695723,LinkedIn,Agendado,73.80649053277216,0
2026-03-10 17:23:20.695723,Indicação,No-show,12.065283860164415,0
2026-01-28 17:23:20.695723,Desconhecido,Vendido,34.917972274187605,0
2026-03-01 17:23:20.695723,Outbound,Lead,11.106923736307344,5000
2026-04-04 17:23:20.695723,Meta Ads,Agendado,15.40016179777073,0
2026-02-24 17:23:20.695723,Outbound,Lead,73.78177996260553,0
2026-02-12 17:23:20.695723,Outbound,No-show,34.84025815223035,5000
2026-03-26 17:23:20.695723,Google Ads,SQL,39.73400712975371,0
2026-03-19 17:23:20.695723,Google Ads,Lead,25.074106696778685,0
2026-03-04 17:23:20.695723,Google Ads,Agendado,51.79670391307038,0
2026-04-08 17:23:20.695723,Google Ads,Lead,51.63622502744527,0
2026-04-24 17:23:20.695723,LinkedIn,No-show,36.05402742776535,0
2026-02-12 17:23:20.695723,Indicação,No-show,33.31244102637788,0
2026-03-04 17:23:20.695723,Meta Ads,Agendado,71.94750157264114,0
2026-04-01 17:23:20.695723,Outbound,Lead,36.82989677495409,0
2026-03-10 17:23:20.695723,LinkedIn,Agendado,44.545069450808576,1500
2026-02-06 17:23:20.695723,Meta Ads,Lead,29.831333369745145,0
2026-03-23 17:23:20.695723,LinkedIn,Lead,65.07386523499892,0
2026-02-13 17:23:20.695723,LinkedIn,Vendido,37.821370982936415,0
2026-04-06 17:23:20.695723,Outbound,Lead,45.95277325810272,0
2026-03-26 17:23:20.695723,Indicação,Lead,27.735001904176297,0
2026-03-04 17:23:20.695723,Google Ads,No-show,79.13617146388762,1500
2026-01-25 17:23:20.695723,Indicação,Lead,30.4047018646606,0
2026-01-27 17:23:20.695723,Outbound,Lead,63.95197716338862,0
2026-04-11 17:23:20.695723,Outbound,No-show,39.924695524973146,0
2026-03-27 17:23:20.695723,Outbound,Lead,24.43521835588979,0
2026-03-28 17:23:20.695723,Meta Ads,Agendado,65.98031347754028,1500
2026-02-18 17:23:20.695723,Indicação,No-show,33.35247523203302,0
2026-03-21 17:23:20.695723,Desconhecido,No-show,70.56353431784677,0
2026-02-26 17:23:20.695723,LinkedIn,Agendado,74.06800294424761,0
2026-03-03 17:23:20.695723,LinkedIn,Lead,70.18766847738931,0
2026-01-30 17:23:20.695723,LinkedIn,Lead,12.450554036476396,0
2026-03-23 17:23:20.695723,Outbound,Vendido,65.1161341503574,0
2026-03-09 17:23:20.695723,Indicação,Vendido,38.79376265494007,0
2026-03-10 17:23:20.695723,Outbound,SQL,71.16060441275576,0
2026-02-25 17:23:20.695723,Meta Ads,Lead,54.65679838793172,0
2026-03-10 17:23:20.695723,LinkedIn,Lead,68.35501939007709,0
2026-03-26 17:23:20.695723,Outbound,Lead,44.96022389067848,0
2026-03-12 17:23:20.695723,Outbound,Agendado,47.4517853219253,0
2026-02-14 17:23:20.695723,Meta Ads,SQL,20.107134249356704,0
2026-04-14 17:23:20.695723,Google Ads,No-show,64.87911510825488,0
2026-04-19 17:23:20.695723,Indicação,Agendado,39.35727281668801,0
2026-04-09 17:23:20.695723,Google Ads,Lead,45.00560827901078,0
2026-03-01 17:23:20.695723,LinkedIn,Agendado,64.95683998669953,0
2026-02-12 17:23:20.695723,Outbound,SQL,51.91917800556073,0
2026-02-13 17:23:20.695723,Meta Ads,SQL,24.07691092098672,0
2026-03-22 17:23:20.695723,Meta Ads,Agendado,51.31628614056249,0
2026-02-11 17:23:20.695723,Indicação,Vendido,38.5343000585759,0
2026-03-12 17:23:20.695723,Google Ads,Vendido,42.86678794307039,5000
2026-03-14 17:23:20.695723,Indicação,Lead,11.981789208186743,0
2026-02-07 17:23:20.695723,Outbound,Lead,24.702054466139717,0
2026-02-08 17:23:20.695723,Indicação,Agendado,29.672665696671977,0
2026-02-24 17:23:20.695723,Meta Ads,Lead,59.9072005501164,0
2026-01-25 17:23:20.695723,Meta Ads,Lead,10.804473130868072,0
2026-03-19 17:23:20.695723,LinkedIn,Lead,38.61440828603924,0
2026-01-27 17:23:20.695723,LinkedIn,Agendado,74.6818809298013,3000
2026-02-09 17:23:20.695723,Outbound,Lead,17.83164315843867,0
2026-04-21 17:23:20.695723,Google Ads,Agendado,46.14970717530277,0
2026-03-22 17:23:20.695723,Indicação,No-show,65.0565667673593,0
2026-04-09 17:23:20.695723,Outbound,Lead,75.97719152640818,0
2026-02-05 17:23:20.695723,LinkedIn,Lead,62.27436476736026,0
2026-04-08 17:23:20.695723,Indicação,Lead,60.43958840510843,0
2026-02-09 17:23:20.695723,LinkedIn,Vendido,67.85416631370336,0
2026-04-06 17:23:20.695723,Indicação,Lead,41.234085468428056,0
2026-04-10 17:23:20.695723,Google Ads,Lead,66.40911728324832,0
2026-02-17 17:23:20.695723,Outbound,Lead,10.55750833218158,0
2026-02-21 17:23:20.695723,Indicação,Agendado,74.71927387637635,0
2026-02-01 17:23:20.695723,Meta Ads,SQL,41.03145566620228,0
2026-03-01 17:23:20.695723,Meta Ads,Agendado,48.73661315060233,0
2026-04-24 17:23:20.695723,Indicação,No-show,27.841757424041763,0
2026-02-01 17:23:20.695723,Indicação,Lead,61.9771582988295,0
2026-03-23 17:23:20.695723,Indicação,Vendido,15.364506453267415,0
2026-03-25 17:23:20.695723,Meta Ads,Lead,71.08450617827847,0
2026-03-15 17:23:20.695723,Desconhecido,Vendido,67.968178030444,0
2026-02-21 17:23:20.695723,Indicação,Agendado,25.12420813713365,0
2026-03-06 17:23:20.695723,LinkedIn,Vendido,66.65270787996837,0
2026-03-29 17:23:20.695723,LinkedIn,Lead,65.0450413143037,5000
2026-02-20 17:23:20.695723,Google Ads,Lead,54.25516184277643,0
2026-03-28 17:23:20.695723,Outbound,Lead,36.14641238297813,0
2026-02-10 17:23:20.695723,LinkedIn,Lead,29.00491279273075,0
2026-04-07 17:23:20.695723,Meta Ads,Lead,26.2248513202545,0
2026-02-26 17:23:20.695723,LinkedIn,Lead,32.302627393452504,0
2026-04-18 17:23:20.695723,Google Ads,Lead,73.24909104027712,0
2026-04-11 17:23:20.695723,Google Ads,SQL,15.43485431921469,0
2026-02-22 17:23:20.695723,Outbound,Vendido,68.0209893377071,0
2026-02-06 17:23:20.695723,LinkedIn,SQL,34.42230525292765,0
2026-03-11 17:23:20.695723,Meta Ads,Lead,46.511957720795074,0
2026-02-28 17:23:20.695723,Meta Ads,SQL,65.61399435539434,0
2026-01-30 17:23:20.695723,Indicação,Lead,71.906358291608,0
2026-04-16 17:23:20.695723,Meta Ads,No-show,34.134699405085286,0
2026-04-03 17:23:20.695723,Outbound,Lead,42.32904368925772,0
2026-03-12 17:23:20.695723,Outbound,Agendado,39.01612453717546,0
2026-02-18 17:23:20.695723,Meta Ads,No-show,10.927572345273738,0
2026-03-31 17:23:20.695723,Meta Ads,Vendido,30.716002220105963,0
2026-02-03 17:23:20.695723,Indicação,Agendado,42.14324636127933,3000
2026-03-21 17:23:20.695723,Meta Ads,Vendido,38.77655262163079,0
2026-02-23 17:23:20.695723,Indicação,No-show,60.53504592609756,0
2026-01-29 17:23:20.695723,Indicação,Agendado,36.93625320547723,0
2026-02-26 17:23:20.695723,Meta Ads,SQL,44.25635142794692,0
2026-03-30 17:23:20.695723,Google Ads,Agendado,40.07260144926544,1500
2026-02-11 17:23:20.695723,Google Ads,SQL,61.84383042260593,0
2026-03-14 17:23:20.695723,Indicação,Agendado,70.40806792908738,0
2026-02-04 17:23:20.695723,Meta Ads,SQL,47.23223553052599,0
2026-04-19 17:23:20.695723,Google Ads,Lead,65.26025359366338,0
2026-02-19 17:23:20.695723,Meta Ads,Lead,30.77506774138954,0
2026-03-28 17:23:20.695723,Meta Ads,Lead,47.895872711008806,0
2026-04-23 17:23:20.695723,Meta Ads,Lead,34.16609675689807,3000
2026-04-20 17:23:20.695723,LinkedIn,Lead,38.99406479002812,0
2026-03-24 17:23:20.695723,Meta Ads,SQL,61.2689705368868,0
2026-02-20 17:23:20.695723,LinkedIn,Lead,71.71637376328988,0
2026-03-14 17:23:20.695723,Indicação,Vendido,18.50467737614358,0
2026-04-11 17:23:20.695723,Google Ads,Lead,54.42474795411663,1500
2026-02-26 17:23:20.695723,Google Ads,Lead,50.75006653044589,5000
2026-01-25 17:23:20.695723,Google Ads,Agendado,18.28905274231523,0
2026-02-14 17:23:20.695723,Google Ads,SQL,24.832603130807637,0
2026-03-20 17:23:20.695723,Google Ads,Lead,31.77017463128762,0
2026-01-30 17:23:20.695723,Google Ads,Vendido,21.6851749572251,1500
2026-04-15 17:23:20.695723,Google Ads,Vendido,27.061063776703925,0
2026-04-03 17:23:20.695723,Indicação,Lead,28.732055920319524,0
2026-01-29 17:23:20.695723,Meta Ads,Lead,33.497168312734175,1500
2026-01-27 17:23:20.695723,Outbound,No-show,62.457331696081134,3000
2026-03-18 17:23:20.695723,LinkedIn,Agendado,50.03385426954205,0
2026-02-16 17:23:20.695723,Outbound,SQL,79.03726703659811,0
2026-03-18 17:23:20.695723,Desconhecido,Vendido,39.03150788772297,3000
2026-03-02 17:23:20.695723,Meta Ads,Lead,62.77055516858475,0
2026-04-08 17:23:20.695723,Meta Ads,SQL,71.00278949635737,1500
2026-04-08 17:23:20.695723,Meta Ads,Lead,57.52849451266293,0
2026-04-17 17:23:20.695723,Google Ads,Agendado,38.83053182922472,0
2026-02-10 17:23:20.695723,Indicação,SQL,62.75162415220271,0
2026-04-19 17:23:20.695723,Google Ads,Agendado,24.256699644087934,0
2026-04-12 17:23:20.695723,Desconhecido,Lead,32.92865156260927,0
2026-04-07 17:23:20.695723,Indicação,Lead,48.26796785695021,0
2026-01-25 17:23:20.695723,Outbound,SQL,50.27865711003038,0
2026-03-16 17:23:20.695723,Outbound,Agendado,11.549903283084062,0
2026-03-10 17:23:20.695723,Indicação,SQL,76.15799321292062,0
2026-04-11 17:23:20.695723,Indicação,Lead,58.7639089852173,0
2026-01-28 17:23:20.695723,Google Ads,Vendido,44.69926251623237,0
2026-03-27 17:23:20.695723,Google Ads,Lead,75.31890640858158,0
2026-03-30 17:23:20.695723,Desconhecido,No-show,40.736689567558,0
2026-02-25 17:23:20.695723,Meta Ads,Lead,78.63048991892602,0
2026-02-27 17:23:20.695723,Indicação,Agendado,45.85993300704396,0
2026-04-06 17:23:20.695723,Google Ads,Lead,18.000003899858562,0
2026-03-04 17:23:20.695723,Outbound,No-show,63.536068072149405,1500
2026-02-19 17:23:20.695723,Google Ads,SQL,57.52284075544884,0
2026-02-27 17:23:20.695723,Indicação,Lead,64.10907049139107,0
2026-03-19 17:23:20.695723,Indicação,Lead,76.60094201079768,5000
2026-01-27 17:23:20.695723,LinkedIn,Lead,64.35425118557127,0
2026-03-15 17:23:20.695723,Meta Ads,Lead,52.79356215516528,0
2026-02-05 17:23:20.695723,LinkedIn,No-show,70.01162316525887,0
2026-03-30 17:23:20.695723,Outbound,SQL,57.12725075481721,0
2026-03-19 17:23:20.695723,Google Ads,Agendado,38.56833397781462,0
2026-01-29 17:23:20.695723,Outbound,Agendado,71.99338349692412,0
2026-03-22 17:23:20.695723,Indicação,Agendado,25.5330322549061,0
2026-02-10 17:23:20.695723,LinkedIn,Lead,60.02488924361069,0
2026-03-12 17:23:20.695723,LinkedIn,Lead,71.70944184585298,0
2026-02-16 17:23:20.695723,LinkedIn,Agendado,61.19215637923074,0
2026-04-13 17:23:20.695723,Outbound,No-show,58.80927933376999,0
2026-04-19 17:23:20.695723,Indicação,Lead,62.68468058502853,0
2026-02-07 17:23:20.695723,Google Ads,Lead,42.55386738104511,0
2026-03-31 17:23:20.695723,Desconhecido,SQL,71.19194775099182,0
2026-04-09 17:23:20.695723,Outbound,No-show,24.240553259526383,0
2026-03-16 17:23:20.695723,LinkedIn,Lead,18.917049120023748,0
2026-03-03 17:23:20.695723,Meta Ads,SQL,29.98561460829581,0
2026-03-29 17:23:20.695723,Outbound,Vendido,47.21041777424952,0
2026-03-03 17:23:20.695723,Outbound,Lead,45.739325678653664,0
2026-03-15 17:23:20.695723,Indicação,Lead,67.44191303736106,0
2026-04-16 17:23:20.695723,Google Ads,Agendado,38.319805948281214,0
2026-02-23 17:23:20.695723,Outbound,No-show,43.9041098404056,0
2026-04-13 17:23:20.695723,Outbound,Lead,10.935737828157697,0
2026-03-16 17:23:20.695723,LinkedIn,SQL,38.68174655100574,0
2026-03-28 17:23:20.695723,Desconhecido,SQL,55.34419630652395,0
2026-03-17 17:23:20.695723,Meta Ads,SQL,11.085583143861452,0
2026-03-03 17:23:20.695723,Indicação,Agendado,29.661737563037065,0
2026-04-22 17:23:20.695723,Meta Ads,SQL,24.55694515025729,0
2026-04-13 17:23:20.695723,LinkedIn,SQL,12.938980023671176,0
2026-02-23 17:23:20.695723,Google Ads,SQL,43.548206294017625,0
2026-03-16 17:23:20.695723,LinkedIn,SQL,22.720630525970957,0
2026-04-15 17:23:20.695723,Desconhecido,SQL,62.015707774196606,0
2026-01-29 17:23:20.695723,LinkedIn,Vendido,69.3549518634344,0
2026-02-22 17:23:20.695723,Indicação,Lead,48.190962786840345,0
2026-01-28 17:23:20.695723,Indicação,Vendido,78.7195139764799,0
2026-02-03 17:23:20.695723,Desconhecido,Vendido,41.53350000294167,0
2026-03-21 17:23:20.695723,Indicação,Lead,45.93577471574409,0
2026-02-10 17:23:20.695723,Indicação,SQL,79.2452427770425,0
2026-04-08 17:23:20.695723,Google Ads,SQL,26.20839051755342,0
2026-02-10 17:23:20.695723,Meta Ads,Lead,75.97821577738337,0
2026-04-18 17:23:20.695723,Outbound,Lead,12.998628858337929,0
2026-04-22 17:23:20.695723,Meta Ads,Lead,41.24708231842364,0
2026-04-03 17:23:20.695723,Indicação,Lead,14.900245849314604,0
2026-02-27 17:23:20.695723,Google Ads,Vendido,61.04643200395501,0
2026-01-30 17:23:20.695723,LinkedIn,Lead,52.58862551160124,0
2026-03-18 17:23:20.695723,Google Ads,Vendido,59.46439844273175,1500
2026-03-31 17:23:20.695723,Indicação,SQL,36.21362799776119,0
2026-04-11 17:23:20.695723,Google Ads,Vendido,35.86373538219662,0
2026-03-08 17:23:20.695723,Google Ads,SQL,13.172349527262622,0
2026-04-09 17:23:20.695723,Indicação,Lead,34.496145767074786,0
2026-02-16 17:23:20.695723,Google Ads,Agendado,75.05018815834416,0
2026-03-20 17:23:20.695723,Outbound,Lead,36.54585760263143,5000
2026-04-14 17:23:20.695723,Desconhecido,SQL,68.1957394355379,0
2026-04-09 17:23:20.695723,Google Ads,No-show,68.96278533249539,0
2026-02-09 17:23:20.695723,LinkedIn,Lead,36.126880946546365,0
2026-02-01 17:23:20.695723,Indicação,Lead,54.23920762773324,0
2026-01-28 17:23:20.695723,Outbound,Agendado,16.676012159114105,0
2026-01-28 17:23:20.695723,LinkedIn,Vendido,17.257500651399354,0
2026-03-21 17:23:20.695723,Google Ads,Agendado,13.406036456319931,5000
2026-02-18 17:23:20.695723,LinkedIn,Lead,50.67105653625767,0
2026-04-01 17:23:20.695723,Meta Ads,Agendado,39.8249684338268,0
2026-04-01 17:23:20.695723,Desconhecido,Lead,48.36226496649681,0
2026-02-20 17:23:20.695723,Google Ads,Agendado,46.47512333558715,0
2026-02-25 17:23:20.695723,Indicação,No-show,34.51420937635112,0
2026-03-15 17:23:20.695723,Google Ads,Agendado,57.423139037643104,0
2026-03-26 17:23:20.695723,Desconhecido,Vendido,63.09513166414735,0
2026-03-16 17:23:20.695723,Google Ads,Lead,11.0239781214373,0
2026-02-12 17:23:20.695723,LinkedIn,Agendado,24.50696098382148,0
2026-02-14 17:23:20.695723,LinkedIn,Vendido,59.92651076583358,0
2026-01-29 17:23:20.695723,LinkedIn,Lead,37.0634120843684,0
2026-04-16 17:23:20.695723,Meta Ads,Vendido,56.37387628591257,0
2026-03-07 17:23:20.695723,Indicação,Lead,34.287386181419095,0
2026-03-26 17:23:20.695723,LinkedIn,Agendado,37.352860663074594,0
2026-02-15 17:23:20.695723,Meta Ads,Vendido,21.107521158277944,0
2026-02-14 17:23:20.695723,Indicação,Agendado,28.0761713766312,0
2026-04-04 17:23:20.695723,Google Ads,Lead,52.37882302553111,0
2026-01-25 17:23:20.695723,Desconhecido,SQL,40.321417792061645,0
2026-01-29 17:23:20.695723,Outbound,SQL,64.20118780612165,1500
2026-02-05 17:23:20.695723,Meta Ads,No-show,69.68094684568399,0
2026-04-24 17:23:20.695723,Meta Ads,SQL,47.91524927517319,0
2026-03-11 17:23:20.695723,Indicação,Lead,63.07871044392414,0
2026-02-27 17:23:20.695723,Google Ads,Agendado,31.4833159236199,0
2026-03-14 17:23:20.695723,Outbound,SQL,39.04798507800548,0
2026-04-12 17:23:20.695723,LinkedIn,Agendado,59.89443733517817,0
2026-04-24 17:23:20.695723,LinkedIn,Agendado,37.03483949719215,0
2026-03-10 17:23:20.695723,Meta Ads,Vendido,51.19534546112922,0
2026-02-20 17:23:20.695723,Indicação,SQL,22.976094535775804,1500
2026-04-07 17:23:20.695723,Indicação,SQL,51.983992047934855,0
2026-02-19 17:23:20.695723,LinkedIn,Lead,70.30595950588256,0
2026-03-12 17:23:20.695723,Outbound,Lead,70.80477478763979,0
2026-04-20 17:23:20.695723,Google Ads,Lead,60.704108443067774,0
2026-03-21 17:23:20.695723,Outbound,Lead,62.202736535328825,0
2026-03-28 17:23:20.695723,Google Ads,Agendado,49.05492116054905,0
2026-03-13 17:23:20.695723,LinkedIn,Agendado,50.926766311607736,0
2026-03-26 17:23:20.695723,Google Ads,SQL,19.35554069873626,0
2026-04-15 17:23:20.695723,Desconhecido,Vendido,41.07014318949108,0
2026-02-19 17:23:20.695723,Meta Ads,No-show,41.55433987204547,0
2026-03-01 17:23:20.695723,Meta Ads,Vendido,77.09484849674182,0
2026-01-25 17:23:20.695723,LinkedIn,Agendado,40.17608038363026,0
2026-02-01 17:23:20.695723,Indicação,SQL,48.45398514319304,0
2026-03-17 17:23:20.695723,Outbound,SQL,47.32759794953717,0
2026-04-13 17:23:20.695723,Desconhecido,Lead,54.5733201931029,0
2026-03-12 17:23:20.695723,Meta Ads,Lead,62.37629819323272,0
2026-03-21 17:23:20.695723,Meta Ads,No-show,25.75293133196105,0
2026-04-20 17:23:20.695723,Indicação,Vendido,47.0107093368905,0
2026-02-07 17:23:20.695723,Indicação,Lead,67.81423951212213,0
2026-04-24 17:23:20.695723,Meta Ads,SQL,42.4180299686258,0
2026-02-21 17:23:20.695723,Outbound,Vendido,29.49202824615011,0
2026-04-21 17:23:20.695723,LinkedIn,Lead,55.82963527494093,0
2026-04-12 17:23:20.695723,LinkedIn,Lead,67.66371770593861,0
2026-04-22 17:23:20.695723,Indicação,Vendido,14.419820504917393,0
2026-01-26 17:23:20.695723,LinkedIn,SQL,64.3753338385059,0
2026-02-19 17:23:20.695723,Meta Ads,Lead,67.51535530732399,3000
2026-02-07 17:23:20.695723,Meta Ads,SQL,42.30660493120248,0
2026-03-24 17:23:20.695723,Indicação,Vendido,78.83139597729271,0
2026-03-21 17:23:20.695723,Indicação,SQL,65.06958384951164,0
2026-01-31 17:23:20.695723,Indicação,Lead,64.15637954269661,0
2026-01-27 17:23:20.695723,Outbound,Lead,62.348700208845024,0
2026-02-16 17:23:20.695723,LinkedIn,SQL,20.54256722527918,0
2026-02-11 17:23:20.695723,Indicação,SQL,25.20616205171076,0
2026-03-03 17:23:20.695723,Google Ads,Agendado,42.47930920250976,0
2026-02-08 17:23:20.695723,Google Ads,Lead,28.48030449716261,5000
2026-03-29 17:23:20.695723,Meta Ads,Vendido,39.06686806338283,0
2026-04-23 17:23:20.695723,LinkedIn,Lead,72.19248769460444,0
2026-02-21 17:23:20.695723,Indicação,Lead,67.70288243154884,0
2026-04-08 17:23:20.695723,Google Ads,Lead,54.10279149359876,1500
2026-03-04 17:23:20.695723,LinkedIn,Lead,70.06842759757726,0
2026-03-22 17:23:20.695723,Meta Ads,SQL,64.86406723120744,0
2026-02-10 17:23:20.695723,Outbound,SQL,40.028945228862334,1500
2026-04-20 17:23:20.695723,LinkedIn,Lead,24.07456064349616,0
2026-04-24 17:23:20.695723,LinkedIn,Agendado,45.99407280065375,0
2026-03-09 17:23:20.695723,Outbound,Lead,61.53602177699851,0
2026-02-18 17:23:20.695723,LinkedIn,Agendado,40.54937191107151,0
2026-02-10 17:23:20.695723,Meta Ads,No-show,56.6740336848728,0
2026-02-06 17:23:20.695723,Meta Ads,Lead,16.602919840373055,0
2026-04-18 17:23:20.695723,Outbound,SQL,62.36033154599824,1500
2026-02-18 17:23:20.695723,Indicação,Lead,66.88995339251434,5000
2026-04-02 17:23:20.695723,Google Ads,Lead,59.47864990463789,0
2026-02-03 17:23:20.695723,Indicação,Lead,77.70845112684559,0
2026-04-01 17:23:20.695723,LinkedIn,Agendado,67.86564402224482,0
2026-02-11 17:23:20.695723,Google Ads,SQL,73.21656095135768,0
2026-04-20 17:23:20.695723,Outbound,Lead,75.34997584203536,0
2026-02-27 17:23:20.695723,Outbound,Vendido,66.0943594311666,0
2026-02-01 17:23:20.695723,Google Ads,SQL,57.19811894045494,0
2026-03-05 17:23:20.695723,Meta Ads,Vendido,10.40030069525525,0
2026-04-17 17:23:20.695723,Google Ads,SQL,42.607802725618726,1500
2026-03-07 17:23:20.695723,LinkedIn,SQL,49.98136090356527,0
2026-03-06 17:23:20.695723,Meta Ads,Lead,31.282119071359972,0
2026-01-30 17:23:20.695723,Outbound,Lead,32.267311283243046,0
2026-03-17 17:23:20.695723,Google Ads,No-show,77.28115909971156,0
2026-02-19 17:23:20.695723,Indicação,Lead,72.41976056419222,0
2026-03-29 17:23:20.695723,Indicação,No-show,69.4425303851193,0
2026-03-24 17:23:20.695723,LinkedIn,SQL,38.420826119427744,0
2026-03-21 17:23:20.695723,Indicação,Lead,10.95889852862402,0
2026-03-24 17:23:20.695723,Google Ads,Lead,15.615557251899986,0
2026-04-04 17:23:20.695723,Google Ads,Lead,31.85374577523225,0
2026-02-26 17:23:20.695723,Indicação,No-show,11.10200390969739,0
2026-03-18 17:23:20.695723,Google Ads,SQL,11.200484734063869,5000
2026-02-15 17:23:20.695723,LinkedIn,Lead,74.16223111496878,0
2026-02-14 17:23:20.695723,Meta Ads,Lead,59.43109514833378,3000
2026-04-04 17:23:20.695723,LinkedIn,Lead,31.626919304770688,0
2026-04-04 17:23:20.695723,LinkedIn,SQL,19.28512043206672,3000
2026-01-28 17:23:20.695723,Google Ads,Lead,45.8145002526554,0
2026-04-09 17:23:20.695723,Meta Ads,Vendido,10.374231259805512,0
2026-03-27 17:23:20.695723,Google Ads,Lead,75.68896207007008,0
2026-03-27 17:23:20.695723,Outbound,Lead,39.0370583572263,0
2026-02-17 17:23:20.695723,Google Ads,SQL,38.16344686661329,0
2026-03-20 17:23:20.695723,Google Ads,SQL,37.34155253072476,0
2026-02-02 17:23:20.695723,Google Ads,No-show,14.852983127143531,0
2026-01-27 17:23:20.695723,Meta Ads,SQL,54.682556785427856,0
2026-02-24 17:23:20.695723,Google Ads,Lead,61.310253373984736,0
2026-03-05 17:23:20.695723,Meta Ads,Agendado,57.32877783118032,0
2026-03-01 17:23:20.695723,Indicação,Lead,19.6904845330576,0
2026-02-17 17:23:20.695723,Outbound,Lead,50.51881176249148,0
2026-01-30 17:23:20.695723,Meta Ads,No-show,49.86391389205777,0
2026-03-31 17:23:20.695723,Indicação,Agendado,70.78875515589675,0
2026-04-18 17:23:20.695723,Meta Ads,No-show,36.538936086295294,0
2026-04-09 17:23:20.695723,Meta Ads,SQL,36.004016056160395,0
2026-01-28 17:23:20.695723,Outbound,SQL,53.296894110272994,3000
2026-04-13 17:23:20.695723,LinkedIn,Lead,54.31508574496591,0
2026-01-30 17:23:20.695723,LinkedIn,Lead,42.84996591280533,0
2026-03-16 17:23:20.695723,Meta Ads,Vendido,41.01415536312948,0
2026-03-27 17:23:20.695723,Google Ads,Lead,44.59033694465179,0
2026-03-22 17:23:20.695723,Indicação,Vendido,70.27317096523183,0
2026-03-31 17:23:20.695723,Google Ads,Agendado,42.2816830877737,0
2026-04-13 17:23:20.695723,Google Ads,Lead,75.79522543788757,0
2026-04-09 17:23:20.695723,Meta Ads,SQL,45.280263451742826,0
2026-02-01 17:23:20.695723,Meta Ads,Agendado,76.4440485226624,0
2026-02-19 17:23:20.695723,Meta Ads,Lead,68.2982331308353,0
2026-03-16 17:23:20.695723,Meta Ads,Vendido,35.37019258310804,0
2026-03-10 17:23:20.695723,LinkedIn,SQL,70.45489949076313,0
2026-03-09 17:23:20.695723,Meta Ads,Lead,17.704429894078064,0
2026-01-29 17:23:20.695723,LinkedIn,SQL,74.75330227401102,0
2026-04-04 17:23:20.695723,Desconhecido,No-show,54.21504605580241,3000
2026-02-19 17:23:20.695723,Desconhecido,Lead,13.807352396561782,0
2026-04-02 17:23:20.695723,Outbound,Vendido,55.09797065555681,0
2026-02-12 17:23:20.695723,Indicação,Lead,78.19733579013293,0
2026-04-18 17:23:20.695723,Google Ads,Agendado,14.886045823024023,0
2026-02-13 17:23:20.695723,LinkedIn,Agendado,48.82813968460604,0
2026-02-05 17:23:20.695723,Indicação,Lead,62.34560448315607,0
2026-03-12 17:23:20.695723,Outbound,Lead,66.7181010689672,0
2026-01-25 17:23:20.695723,Google Ads,Agendado,38.967922572455706,0
2026-04-24 17:23:20.695723,Google Ads,SQL,24.29165914177701,0
2026-02-07 17:23:20.695723,LinkedIn,Agendado,12.963959514066868,5000
2026-03-29 17:23:20.695723,Meta Ads,Lead,50.58083099680573,0
2026-03-03 17:23:20.695723,Outbound,Vendido,41.70377491873276,0
2026-03-02 17:23:20.695723,LinkedIn,Agendado,76.41210766047976,0
2026-02-04 17:23:20.695723,Outbound,No-show,14.242343540043684,0
2026-04-11 17:23:20.695723,Meta Ads,Lead,57.9776740412204,0
2026-01-27 17:23:20.695723,Meta Ads,SQL,11.747635548404002,0
2026-02-26 17:23:20.695723,LinkedIn,SQL,22.00039236973799,0
2026-01-30 17:23:20.695723,Meta Ads,Lead,41.75052999459839,0
2026-03-15 17:23:20.695723,Indicação,SQL,41.84107099620077,0
2026-02-03 17:23:20.695723,Google Ads,Lead,57.99903800535508,0
2026-01-29 17:23:20.695723,LinkedIn,Agendado,73.71491244074296,0
2026-02-16 17:23:20.695723,Outbound,SQL,54.73225112404446,1500
2026-02-03 17:23:20.695723,Indicação,Lead,76.74745684960561,0
2026-03-09 17:23:20.695723,LinkedIn,Agendado,71.71309479145984,0
2026-01-26 17:23:20.695723,Meta Ads,SQL,50.91498568715532,0
2026-02-06 17:23:20.695723,Meta Ads,Lead,68.36543656431792,0
2026-03-05 17:23:20.695723,Meta Ads,No-show,54.98043272265439,0
2026-01-26 17:23:20.695723,Meta Ads,No-show,15.4990481646609,0
2026-04-18 17:23:20.695723,Outbound,SQL,61.8395306281657,0
2026-03-30 17:23:20.695723,Indicação,Lead,16.643590888714236,0
2026-03-28 17:23:20.695723,Google Ads,Agendado,51.58579463987987,0
2026-04-07 17:23:20.695723,Outbound,SQL,59.184814410076015,0
2026-02-10 17:23:20.695723,Outbound,Lead,14.656932574759868,0
2026-02-02 17:23:20.695723,Google Ads,SQL,26.155625774857224,0
2026-04-09 17:23:20.695723,Google Ads,SQL,74.09705625831549,0
2026-02-08 17:23:20.695723,Meta Ads,SQL,53.142014456302746,0
2026-02-17 17:23:20.695723,Outbound,SQL,27.24002131673721,0
2026-03-03 17:23:20.695723,LinkedIn,Agendado,58.34758398036046,0
2026-02-28 17:23:20.695723,Google Ads,No-show,51.77434939731828,0
2026-03-14 17:23:20.695723,Google Ads,Lead,45.11029899425638,0
2026-04-03 17:23:20.695723,Indicação,Agendado,78.33308824916585,0
2026-03-27 17:23:20.695723,LinkedIn,Vendido,57.84176441852562,0
2026-03-25 17:23:20.695723,LinkedIn,SQL,36.28087767675389,1500
2026-03-15 17:23:20.695723,Google Ads,SQL,66.00514024538076,0
2026-04-12 17:23:20.695723,Meta Ads,Agendado,71.92083050448315,0
2026-04-09 17:23:20.695723,Indicação,SQL,18.7654391661782,0
2026-02-02 17:23:20.695723,LinkedIn,Vendido,24.03870844916865,0
2026-02-27 17:23:20.695723,Google Ads,SQL,25.13589063894458,0
2026-04-10 17:23:20.695723,LinkedIn,No-show,58.38482665705783,1500
2026-02-28 17:23:20.695723,Indicação,Lead,52.21276885372984,0
2026-01-25 17:23:20.695723,Indicação,Lead,53.32940952890117,0
2026-03-05 17:23:20.695723,Desconhecido,Agendado,75.85413097826506,0
2026-03-29 17:23:20.695723,Google Ads,Lead,64.31380729651141,0
2026-02-15 17:23:20.695723,Indicação,Lead,18.955584715824823,0
2026-03-25 17:23:20.695723,Outbound,Lead,34.32549576976267,0
2026-03-29 17:23:20.695723,Outbound,Lead,40.4775552323015,0
2026-04-06 17:23:20.695723,LinkedIn,Lead,37.71731121233235,0
